jmetertest206,Jmeterpassword206
jmetertest207,Jmeterpassword207
jmetertest208,Jmeterpassword208
jmetertest209,Jmeterpassword209
jmetertest210,Jmeterpassword210
jmetertest211,Jmeterpassword211
jmetertest212,Jmeterpassword212
jmetertest213,Jmeterpassword213
jmetertest214,Jmeterpassword214
jmetertest215,Jmeterpassword215
jmetertest216,Jmeterpassword216
jmetertest217,Jmeterpassword217
jmetertest218,Jmeterpassword218
jmetertest219,Jmeterpassword219
jmetertest220,Jmeterpassword220
jmetertest221,Jmeterpassword221
jmetertest222,Jmeterpassword222
jmetertest223,Jmeterpassword223
jmetertest224,Jmeterpassword224
jmetertest225,Jmeterpassword225
jmetertest226,Jmeterpassword226
jmetertest227,Jmeterpassword227
jmetertest228,Jmeterpassword228
jmetertest229,Jmeterpassword229
jmetertest230,Jmeterpassword230
jmetertest231,Jmeterpassword231
jmetertest232,Jmeterpassword232
jmetertest233,Jmeterpassword233
jmetertest234,Jmeterpassword234
jmetertest235,Jmeterpassword235
jmetertest236,Jmeterpassword236
jmetertest237,Jmeterpassword237
jmetertest238,Jmeterpassword238
jmetertest239,Jmeterpassword239
jmetertest240,Jmeterpassword240
jmetertest241,Jmeterpassword241
jmetertest242,Jmeterpassword242
jmetertest243,Jmeterpassword243
jmetertest244,Jmeterpassword244
jmetertest245,Jmeterpassword245
jmetertest246,Jmeterpassword246
jmetertest247,Jmeterpassword247
jmetertest248,Jmeterpassword248
jmetertest249,Jmeterpassword249
jmetertest250,Jmeterpassword250
jmetertest251,Jmeterpassword251
jmetertest252,Jmeterpassword252
jmetertest253,Jmeterpassword253
jmetertest254,Jmeterpassword254
jmetertest255,Jmeterpassword255
jmetertest256,Jmeterpassword256
jmetertest257,Jmeterpassword257
jmetertest258,Jmeterpassword258
jmetertest259,Jmeterpassword259
jmetertest260,Jmeterpassword260
jmetertest261,Jmeterpassword261
jmetertest262,Jmeterpassword262
jmetertest263,Jmeterpassword263
jmetertest264,Jmeterpassword264
jmetertest265,Jmeterpassword265
jmetertest266,Jmeterpassword266
jmetertest267,Jmeterpassword267
jmetertest268,Jmeterpassword268
jmetertest269,Jmeterpassword269
jmetertest270,Jmeterpassword270
jmetertest271,Jmeterpassword271
jmetertest272,Jmeterpassword272
jmetertest273,Jmeterpassword273
jmetertest274,Jmeterpassword274
jmetertest275,Jmeterpassword275
jmetertest276,Jmeterpassword276
jmetertest277,Jmeterpassword277
jmetertest278,Jmeterpassword278
jmetertest279,Jmeterpassword279
jmetertest280,Jmeterpassword280
jmetertest281,Jmeterpassword281
jmetertest282,Jmeterpassword282
jmetertest283,Jmeterpassword283
jmetertest284,Jmeterpassword284
jmetertest285,Jmeterpassword285
jmetertest286,Jmeterpassword286
jmetertest287,Jmeterpassword287
jmetertest288,Jmeterpassword288
jmetertest289,Jmeterpassword289
jmetertest290,Jmeterpassword290
jmetertest291,Jmeterpassword291
jmetertest292,Jmeterpassword292
jmetertest293,Jmeterpassword293
jmetertest294,Jmeterpassword294
jmetertest295,Jmeterpassword295
jmetertest296,Jmeterpassword296
jmetertest297,Jmeterpassword297
jmetertest298,Jmeterpassword298
jmetertest299,Jmeterpassword299
jmetertest300,Jmeterpassword300
jmetertest301,Jmeterpassword301
jmetertest302,Jmeterpassword302
jmetertest303,Jmeterpassword303
jmetertest304,Jmeterpassword304
jmetertest305,Jmeterpassword305
jmetertest106,Jmeterpassword106
jmetertest107,Jmeterpassword107
jmetertest108,Jmeterpassword108
jmetertest109,Jmeterpassword109
jmetertest110,Jmeterpassword110
jmetertest111,Jmeterpassword111
jmetertest112,Jmeterpassword112
jmetertest113,Jmeterpassword113
jmetertest114,Jmeterpassword114
jmetertest115,Jmeterpassword115
jmetertest116,Jmeterpassword116
jmetertest117,Jmeterpassword117
jmetertest118,Jmeterpassword118
jmetertest119,Jmeterpassword119
jmetertest120,Jmeterpassword120
jmetertest121,Jmeterpassword121
jmetertest122,Jmeterpassword122
jmetertest123,Jmeterpassword123
jmetertest124,Jmeterpassword124
jmetertest125,Jmeterpassword125
jmetertest126,Jmeterpassword126
jmetertest127,Jmeterpassword127
jmetertest128,Jmeterpassword128
jmetertest129,Jmeterpassword129
jmetertest130,Jmeterpassword130
jmetertest131,Jmeterpassword131
jmetertest132,Jmeterpassword132
jmetertest133,Jmeterpassword133
jmetertest134,Jmeterpassword134
jmetertest135,Jmeterpassword135
jmetertest136,Jmeterpassword136
jmetertest137,Jmeterpassword137
jmetertest138,Jmeterpassword138
jmetertest139,Jmeterpassword139
jmetertest140,Jmeterpassword140
jmetertest141,Jmeterpassword141
jmetertest142,Jmeterpassword142
jmetertest143,Jmeterpassword143
jmetertest144,Jmeterpassword144
jmetertest145,Jmeterpassword145
jmetertest146,Jmeterpassword146
jmetertest147,Jmeterpassword147
jmetertest148,Jmeterpassword148
jmetertest149,Jmeterpassword149
jmetertest150,Jmeterpassword150
jmetertest151,Jmeterpassword151
jmetertest152,Jmeterpassword152
jmetertest153,Jmeterpassword153
jmetertest154,Jmeterpassword154
jmetertest155,Jmeterpassword155
jmetertest156,Jmeterpassword156
jmetertest157,Jmeterpassword157
jmetertest158,Jmeterpassword158
jmetertest159,Jmeterpassword159
jmetertest160,Jmeterpassword160
jmetertest161,Jmeterpassword161
jmetertest162,Jmeterpassword162
jmetertest163,Jmeterpassword163
jmetertest164,Jmeterpassword164
jmetertest165,Jmeterpassword165
jmetertest166,Jmeterpassword166
jmetertest167,Jmeterpassword167
jmetertest168,Jmeterpassword168
jmetertest169,Jmeterpassword169
jmetertest170,Jmeterpassword170
jmetertest171,Jmeterpassword171
jmetertest172,Jmeterpassword172
jmetertest173,Jmeterpassword173
jmetertest174,Jmeterpassword174
jmetertest175,Jmeterpassword175
jmetertest176,Jmeterpassword176
jmetertest177,Jmeterpassword177
jmetertest178,Jmeterpassword178
jmetertest179,Jmeterpassword179
jmetertest180,Jmeterpassword180
jmetertest181,Jmeterpassword181
jmetertest182,Jmeterpassword182
jmetertest183,Jmeterpassword183
jmetertest184,Jmeterpassword184
jmetertest185,Jmeterpassword185
jmetertest186,Jmeterpassword186
jmetertest187,Jmeterpassword187
jmetertest188,Jmeterpassword188
jmetertest189,Jmeterpassword189
jmetertest190,Jmeterpassword190
jmetertest191,Jmeterpassword191
jmetertest192,Jmeterpassword192
jmetertest193,Jmeterpassword193
jmetertest194,Jmeterpassword194
jmetertest195,Jmeterpassword195
jmetertest196,Jmeterpassword196
jmetertest197,Jmeterpassword197
jmetertest198,Jmeterpassword198
jmetertest199,Jmeterpassword199
jmetertest200,Jmeterpassword200
